{
    "grid_scale": 20,
    "inflation_radius_m": 0.20000000298023224,
    "origin": [
        -2.059999942779541,
        -6.840000152587891,
        0.0
    ],
    "resolution": 0.05000000074505806,
    "scale_factor": 2
}